term_str,doc_count
aacco,1
aacco net,1
ability,38
aboveimage,1
aboveimage alloys,1
abrasion,5
abrasion resistance,3
abrasion steel,1
absorber,1
acceptance,4
access,24
access email,2
access revisions,3
access use,5
accessories,6
accordance,10
accordance laws,4
account,9
accounting,3
accounting accounting,1
accounting cfworks,1
accuracy,19
accurate,4
acknowledge,3
acquisition,2
acres,4
act,3
action,10
activities,3
activity,6
addition,31
addition expertise,1
addition note,1
addition quality,3
addition share,3
addition thermal,1
address,24
address address,3
address browser,4
address fields,1
address phone,3
address telephone,3
address website,3
addresses,3
addresses page,1
adjustments,4
admin,1
admin blog,1
administrators,3
advance,1
advancement,3
advantage,20
advantage customers,1
advantage tool,2
advantages,19
advantages disadvantages,3
advantages mold,2
advertising,8
advertising customers,3
advice,5
aeration,1
aerospace,21
aerospace applications,2
aerospace defense,5
aerospace gas,3
aerospace industry,4
aerospace manufacturing,3
aerospace markets,2
aerospace years,1
aerostructures,3
aeroventures,1
affiliates,5
affiliates agents,1
age,6
age men,1
agency,4
agent,3
agents,6
agents plumbing,1
agility,2
agreement,8
agreements,4
agriculture,8
agriculture mining,2
aid,4
aid manufacturing,1
aider,2
aider en,1
aim,1
aim partner,1
air,14
air service,1
aircraft,11
aircraft engine,2
airport,1
airport roles,1
airport solution,1
airport systems,1
airports,1
airports aviation,1
airset,2
airset mold,1
airspace,1
alert,2
allant,1
allant tonnes,1
allows,5
alloy,31
alloy aluminum,2
alloy castings,2
alloy components,3
alloy die,3
alloy list,1
alloy steel,4
alloy steels,2
alloys,41
alloys alloys,7
alloys aluminum,7
alloys applications,6
alloys chamber,2
alloys corrosion,3
alloys customers,1
alloys product,2
alloys range,4
alloys shapes,3
alloys specifications,2
alloys strength,4
alnico,1
alternative,4
aluminium,4
aluminium alloy,1
aluminium joinery,1
aluminum,57
aluminum alloy,4
aluminum alloys,8
aluminum aluminum,3
aluminum brass,5
aluminum bronze,1
aluminum casting,5
aluminum castings,11
aluminum component,2
aluminum copper,5
aluminum die,4
aluminum magnesium,1
aluminum parts,4
aluminum sand,5
aluminum titanium,3
aluminum zinc,5
amounts,3
analyses,1
analyses air,1
analyses clients,1
analysis,18
analytics,2
angle,5
angles,3
anode,1
anodes,1
anodes houstonanodes,1
anodizing,3
answer,6
answers,7
antennas,1
anytime,1
anytime enquiries,1
appalachiancast,1
appalachiancast com,1
appeal,3
appearance,7
appliance,2
appliance industries,1
appliances,3
application,38
application bearing,1
application posts,1
applications,62
applications addition,3
applications products,4
applications quality,4
applications strength,5
applies,4
appointment,2
appreciation,3
approach,16
approach expectations,1
approval,6
approvals,3
arc,3
arc furnace,2
architects,4
area,25
area years,2
areas,22
arena,2
arms,2
arms head,1
arrange,4
array,10
array industries,2
arrival,1
arrival pour,1
arrow,1
arrow keys,1
art,28
art facility,4
art machinery,1
art object,1
art propriety,1
art technology,3
article,6
article http,1
articles,5
artist,3
artist artist,1
artist dino,1
artists,4
arts,3
artwork,4
aspect,5
aspects,10
aspects design,1
assemblies,16
assemblies components,3
assemblies laminations,1
assembly,25
assembly plants,1
assembly pressure,1
assembly process,3
asset,3
assets,6
assistance,15
assistance method,1
associates,3
assurance,10
attachment,3
attachments,3
attendance,3
attention,9
attention quality,3
attention rights,1
attitude,3
au,6
au austechwire,1
au bygrendesign,1
au drop,1
au opening,1
au phone,1
austechwire,1
austechwire com,1
auto,3
automation,10
automobile,1
automobile industry,1
availability,11
avec,1
average,4
averages,2
averages years,2
aviation,6
aviation aerospace,1
aviation experts,1
aviation facilities,1
aviation industry,3
awaits,1
awaits today,1
award,2
awards,3
awareness,3
axis,3
background,5
backyard,1
bag,1
bag years,1
bake,4
balance,3
ball,4
ball bearing,1
ball bearings,1
banks,3
bar,14
bar cut,1
bar stock,3
barium,2
base,28
base alloys,3
bases,6
bases fixture,1
basis,9
basis company,2
basket,2
batch,7
batch quantities,2
bearing,8
bearing application,1
bearing bearing,2
bearing loads,1
bearing properties,2
bearings,7
bearings bearings,2
bearings bushings,1
bearings customers,2
bearings lubrication,2
bearings products,2
beautiful,3
beauty,3
beginning,3
behalf,6
behavior,3
belief,5
belief action,3
belt,4
benefit,9
benefits,20
benefits today,1
bespoke,3
beverage,4
billet,1
bits,2
blade,2
blades,4
blast,3
blasting,3
blend,4
blend copper,1
block,3
blocks,7
blocks pairs,1
blog,1
blog pages,1
blowing,1
blue,1
blue prints,1
blvd,1
blvd inquiries,1
boards,3
boat,4
boat builders,1
boats,2
bodies,4
body,3
boilers,1
boilers pipelines,1
bolt,2
bolts,5
bonding,1
border,1
bore,2
boring,3
bosses,5
bots,1
bots browser,1
box,10
box total,1
boxes,7
boxes facility,1
brackets,4
brand,5
brands,3
brass,23
brass alloys,3
brass aluminum,2
brass bronze,8
brass cast,1
brass castings,3
brass copper,3
brass fittings,2
brass valves,1
breach,1
brings,2
brochure,3
brochure organizations,1
bronze,19
bronze brass,3
bronze casting,2
bronze zinc,1
brother,1
brothers,2
browser,11
browser cookies,6
browser position,1
browser thatsupports,1
bucket,1
buckets,1
buckles,1
budget,7
build,3
builders,2
building,18
building feet,3
buildings,4
builds,3
bumper,1
bushings,5
bushings markets,1
business,66
business commitment,4
business day,2
business days,3
business development,2
business hours,2
business practices,3
business quality,3
business results,2
business sales,3
business signs,1
business unit,2
business years,8
businesses,13
button,2
buyer,3
byallyson,1
bycreate,1
bygrendesign,1
bygrendesign solution,1
byitechnoweb,1
byitechnoweb com,1
bythomas,2
bythomas marketing,2
bywordpress,1
cabinet,3
cabinetry,1
cabinetry door,1
cabinets,3
cable,1
cable quality,1
calbrass,1
calbrass com,1
calls,5
cameras,1
cameras airport,1
campaign,2
candidate,2
candidates,3
capabilities,60
capabilities capabilities,3
capabilities castings,4
capabilities information,1
capabilities process,2
capability,19
capacities,5
capacity,23
capacity engineering,1
capacity lb,1
car,4
carbon,5
card,3
care,15
career,12
career herenote,1
careers,4
cars,2
cart,2
cart lb,1
case,7
cases,14
casings,3
cast,51
cast aluminum,4
cast iron,2
cast machine,4
cast machines,4
cast magnets,1
cast metal,6
cast parts,8
cast products,4
cast solder,1
cast strength,3
cast tooling,2
castability,2
casting,60
casting alloys,3
casting business,3
casting casting,4
casting castings,3
casting clients,2
casting cost,3
casting customers,3
casting design,4
casting die,2
casting function,2
casting industry,13
casting machines,3
casting machining,9
casting materials,3
casting mold,3
casting needs,15
casting parts,3
casting pattern,4
casting pressure,2
casting process,14
casting processes,3
casting requirements,4
casting sand,2
casting services,4
casting solutions,5
casting time,3
casting weight,3
casting years,3
castings,59
castings aerospace,2
castings appliance,1
castings applications,5
castings business,4
castings castings,4
castings components,2
castings customers,5
castings heat,1
castings industries,2
castings industry,2
castings machining,5
castings metal,2
castings mining,3
castings mold,3
castings month,1
castings number,3
castings ounces,2
castings pounds,3
castings pressure,3
castings process,3
castings processes,2
castings quality,5
castings range,5
castings sand,4
castings service,2
castings specifications,2
castings spectrum,1
castings surface,3
castings time,3
castings tooling,3
castings variety,5
castings week,2
castings weight,4
castings years,3
casts,2
catalog,3
catalogs,1
catch,1
catches,1
categories,8
category,5
cathode,2
cause,3
cavities,5
cavity,4
cell,4
cells,3
center,7
centerless,2
centers,10
centres,2
century,9
certificates,3
certification,10
certifications,11
cfworks,1
cfworks com,1
chain,13
challenges,19
chamber,6
chamber die,2
chamber machines,1
change,13
change discretion,3
changer,3
changes,17
changes job,1
changes privacy,2
char,1
char max,1
character,3
characteristics,17
characters,3
charge,4
charges,2
check,2
checks,2
chemical,10
chemical analysis,3
chemistries,2
chemistries control,1
chemistry,5
cherry,1
cherry walnut,1
chicagovac,1
chicagovac comsister,1
children,4
chip,3
chloride,2
choice,19
choice charge,1
choices,6
chutes,2
circle,2
circumstances,6
citizen,2
city,6
claim,5
clamps,3
class,13
class manufacturing,1
clause,1
cleaning,7
click,8
click brochure,1
click job,1
click link,1
client,11
client relation,1
client services,1
clients,36
clients castings,3
clients curve,1
clients value,1
cm,1
coast,2
coating,10
coatings,8
coats,2
coats arms,1
cobalt,5
cobalt magnets,1
cobalt metals,1
code,8
code note,1
coding,2
coil,3
coils,2
collaboration,8
collectables,1
collection,10
collection use,3
collects,3
collects information,3
college,2
color,8
colors,7
colour,2
colours,3
com,59
com accounting,1
com advance,1
com aluminum,3
com article,1
com attention,1
com au,6
com cfworks,1
com com,6
com cookies,3
com email,2
com engineering,1
com francismfg,1
com gmail,1
com headquarters,1
com home,1
com information,3
com map,1
com mission,1
com phone,4
com pipeline,1
com privacy,2
com products,2
com questions,2
com rights,10
com sales,4
com terms,2
com uk,1
com variety,1
combination,16
combination dense,1
combustion,4
combustion liners,2
comfort,2
commande,1
comment,5
comments,16
comments comments,1
comments form,3
comments web,1
comminution,1
comminution solutions,1
commitment,40
commitment customer,5
commitment quality,10
commodity,2
commodity grade,1
communication,15
communications,10
communities,7
community,11
comor,2
companies,36
companies customers,2
companies people,1
companies quality,4
companies scales,1
companies world,5
company,79
company aluminum,3
company business,2
company companies,4
company company,2
company core,5
company customer,4
company development,1
company investment,2
company job,1
company management,2
company manufacturing,3
company products,5
company quality,4
company services,2
company size,4
company world,2
company years,5
compartment,1
compartment tank,1
compatibility,2
compensation,3
competition,12
competitiveness,2
competitors,5
complement,2
completion,8
complex,4
complexity,4
compliance,14
compliant,6
compliant company,2
component,20
component manufacturer,2
component manufacturing,3
component needs,2
component parts,3
component size,1
components,54
components ability,3
components aerospace,2
components assemblies,4
components bearing,2
components bearings,1
components components,3
components customers,3
components industry,2
components leader,1
components manufacturers,1
components metal,3
components parts,2
components products,3
components systems,3
components today,3
composition,5
compression,2
compte,1
compte machines,1
computer,22
computer files,2
computer model,2
computer technology,2
comsister,1
comsister company,1
concentration,4
concept,9
concept completion,3
concepts,3
concern,4
concerns,9
condition,6
conditions,22
conditions purchase,1
conditions sale,1
conductivity,8
conductor,2
conductors,2
conferences,1
confidence,5
confidentiality,4
configuration,5
configurations,12
conflict,5
conflict law,5
conformance,2
conformance manufacturer,1
connect,3
connection,5
connection use,3
connector,1
consent,8
conservation,5
conservatories,1
conservatory,1
consider,1
consider type,1
consistency,10
consistency forging,1
construction,23
construction facility,1
consumables,3
consumer,7
consumer applications,2
consumer products,3
consumption,3
contact,30
contact form,4
contact information,8
contact tcmco,1
contacts,5
containment,2
content,18
content advertising,3
content goods,3
content privacy,4
content websites,2
contents,5
contract,5
contractor,2
contractors,4
contracts,3
control,40
control customer,1
control metal,1
control process,2
control products,3
control responsibility,4
control systems,2
controllers,3
controls,10
convenience,10
conversion,2
conveyors,2
cookie,6
cookie browser,2
cookie data,2
cookies,12
cookies browser,4
cookies browsers,3
cookies convenience,4
cookies cookie,3
cookies security,1
cookies site,4
cookies tracking,3
cookies use,4
cookies web,3
cookies year,2
cooling,3
coordination,2
coping,1
coping wood,1
copper,22
copper alloys,7
copper brass,3
copper nickel,2
copper radiators,1
copper refractory,1
copper steel,2
copper weld,1
copper zinc,2
copy,6
copyright,7
copyright rights,4
core,30
core blowing,1
core boxes,3
core business,6
core capabilities,3
core machines,4
core making,2
core manufacturing,3
core services,1
core values,3
cores,12
corners,4
cornerstone,3
corporation,3
corrosion,23
corrosion protection,2
corrosion resistance,11
cosmetics,2
cost,44
cost addition,1
cost casting,2
cost efficiencies,2
cost quality,3
cost savings,4
cost solution,2
cost tooling,3
costs,23
costs casting,1
costs customers,2
costs quality,4
count,4
countries,4
countries millions,1
country,4
course,7
craftsmanship,8
craftsmen,4
crane,3
cranes,3
crankshaft,1
creation,4
credit,6
credit card,3
creep,3
creep properties,2
criteria,6
culture,6
cup,2
cups,4
curiosity,3
curve,2
curve sales,1
custom,36
custom die,3
custom products,6
customer,85
customer base,11
customer challenges,3
customer expectations,8
customer needs,15
customer quality,2
customer requirements,11
customer satisfaction,14
customer service,33
customer solution,2
customer specifications,7
customer support,5
customers,94
customers array,2
customers company,5
customers customers,5
customers design,5
customers expectations,3
customers industries,3
customers metals,1
customers needs,8
customers order,7
customers powders,1
customers precision,2
customers product,4
customers production,3
customers products,10
customers quality,11
customers range,5
customers requirements,4
customers sales,3
customers service,3
customers suppliers,5
customers time,4
customers value,4
customers variety,4
customers vehicle,2
customers work,2
customers world,4
customers years,6
cut,6
cut size,1
cutters,2
cutters blades,1
cutting,3
cycle,6
cylinder,2
cylinder customer,1
cylinders,5
damage,8
damage loss,3
damages,5
damages loss,3
dans,2
dans les,1
dans moulage,1
data,26
data account,3
data collection,3
data comments,2
data cookies,3
data data,3
data services,2
data share,4
data view,3
data website,3
database,2
date,11
daughter,2
day,24
day emblem,1
day water,2
days,24
days info,1
days requirements,2
days terms,3
deadlines,3
deal,3
decades,21
decades experience,10
decision,3
decisions,2
dedication,14
dedication quality,4
deepwater,1
defect,2
defect recognition,1
defects,8
defence,4
defense,12
defense applications,3
defense markets,1
degree,7
degrees,3
delay,2
deliveries,13
deliveries pricing,1
deliveries quality,2
delivers,7
delivery,51
delivery client,1
delivery customer,3
delivery performance,3
delivery prices,1
delivery quality,4
delivery time,2
demand,7
demands,14
dense,2
dense metals,1
density,4
department,18
departments,4
dependability,4
depth,7
des,2
desalination,1
description,2
design,71
design alloy,2
design byallyson,1
design capabilities,3
design castings,2
design construction,2
design design,3
design development,5
design engineering,5
design evaluation,1
design features,4
design manufacture,7
design manufacturing,8
design office,1
design operations,1
design product,4
design production,8
design quality,5
design requirements,3
design services,4
design team,3
design tooling,4
designer,5
designers,10
designing,1
designing industry,1
designs,27
designs range,1
desire,3
details,25
details angles,1
details information,2
details model,1
detection,3
detection mitigation,1
determination,3
determine,3
development,34
development company,4
development manufacturing,3
development process,5
development work,3
developments,2
device,7
devices,10
devices valves,1
diameter,12
diameters,3
die,30
die cast,8
die casting,15
die castings,5
die design,2
die forgings,3
die industry,2
die machine,4
die machines,4
die process,4
dies,12
difference,6
dimension,3
dimensions,11
dino,1
dino artist,1
direction,5
directions,6
disadvantages,3
discharge,4
disciplines,1
disclosure,5
disclosure information,2
discretion,5
discretion access,3
discretion terms,3
discussion,3
disk,3
disks,2
display,5
disposal,1
distance,3
distribution,8
distributor,3
distributors,5
diverse,6
division,6
divisions,3
documentation,5
documents,8
domain,4
domains,2
door,6
door magnet,1
door stop,1
doors,3
doors future,1
download,3
downstream,1
downtime,7
draft,5
drawing,8
drawings,10
drawings pages,1
drawn,1
drawn parts,1
drill,2
drilling,6
drip,2
drive,5
driveline,2
driveline components,1
driver,3
drivers,5
droits,1
drone,2
drone detection,1
drone technology,1
drone threats,1
drones,1
drones society,1
drop,5
drop anytime,1
drop assemblies,1
drop mail,1
ductile,2
ductile iron,2
ductility,6
dump,3
durability,8
durability weight,1
duties,3
duty,7
duty applications,3
duty versions,1
dye,2
earth,5
earth magnets,3
ease,8
economy,6
edge,8
edge face,1
edge systems,2
edit,3
education,5
effect,6
effect change,3
effect terms,3
effectiveness,2
efficiencies,4
efficiency,27
efficiency windows,1
efficient,4
effluent,1
effort,7
efforts,9
electricity,2
electrification,2
electrodes,3
electromagnet,1
electronics,3
element,6
elements,12
email,24
email address,9
email anodes,1
email chicagovac,1
email newsletter,1
email password,1
email sales,2
email website,1
emblem,1
emblem request,1
emblems,1
emblems emblems,1
emblems stock,1
emergency,2
emergency service,2
employee,8
employee training,3
employees,39
employees management,3
employees manufacturing,1
employer,6
employer address,1
employer choice,3
employment,10
employment landscape,1
employons,1
employons personnes,1
empspec,1
en,1
en dans,1
enamel,3
encryption,3
end,15
end facility,1
endorsement,3
energy,18
energy efficiency,3
enforcement,2
enforcement misuse,1
engaging,1
engaging tools,1
engine,12
engine components,4
engineer,3
engineering,51
engineering com,1
engineering commodity,1
engineering company,2
engineering department,4
engineering design,8
engineering grade,1
engineering leader,1
engineering manufacturing,4
engineering quality,3
engineering services,3
engineering solutions,3
engineering staff,4
engineering team,7
engineers,24
engineers scientists,1
engines,9
enlargement,1
enlargement arrow,1
enlargement esc,1
enquiries,5
enquiries hours,1
enquiries toolcraft,1
enquiry,4
enter,1
enter key,1
enterprises,2
enterprises les,1
enterprises rights,1
enters,3
enthusiasts,2
entities,2
entry,3
environment,23
environment artists,1
environment employees,3
environment success,2
environments,13
environments titanium,1
equipment,60
equipment capabilities,2
equipment facility,3
equipment industry,3
equipment manufacturers,3
equipment manufacturing,2
equipment pressure,1
equipment processes,3
equipment range,4
equipment technology,3
erectile,1
erectile problem,1
erection,1
erection man,1
error,6
error submission,1
errors,5
esc,1
esc enlargement,1
estate,2
estimate,2
estimate products,1
et,2
et notre,1
ethics,2
evaluation,6
evaluation aid,1
evaluations,1
evaluations analyses,1
event,4
events,4
everyday,2
evolution,3
example,13
examples,11
examples products,3
excavators,2
excellence,11
excellent,3
excels,2
excess,5
exchange,2
exchangers,2
exchangers steam,1
execution,3
executive,4
executive experience,1
executive leader,1
exists,3
expansion,7
expectation,4
expectation quality,2
expectations,28
expectations oil,1
expectations quality,5
expectations team,3
expenses,2
experience,81
experience aluminum,4
experience array,1
experience business,2
experience designing,1
experience engineering,3
experience expertise,5
experience industry,2
experience manufacturing,7
experience metal,3
experience parts,2
experience precision,2
experience products,3
experience quality,4
experience solutions,3
experience team,3
experience variety,4
experimentation,2
expert,6
expert drone,1
expertise,39
expertise analyses,1
expertise customer,3
expertise experience,5
expertise support,3
expertise years,2
experts,21
experts metal,2
experts projects,1
express,3
ext,1
extension,2
extent,3
fabricating,3
fabrication,20
fabrication forming,1
fabrications,3
fabricator,2
fabriquer,1
fabriquer vos,1
face,5
face frame,1
facets,2
facilities,41
facilities capabilities,4
facilities company,3
facilities hubs,1
facilities quality,3
facilities sales,2
facility,57
facility business,2
facility conformance,1
facility die,1
facility facility,2
facility feet,4
facility house,2
facility machines,2
facility machining,2
facility process,3
facility quality,3
facility state,1
facility technology,1
facility touch,1
fact,9
factor,4
factors,4
factory,13
failure,5
failure right,3
faire,1
faire fabriquer,1
faith,3
faith belief,3
families,5
family,26
family business,8
fashion,2
fasteners,6
fasteners coping,1
faster,3
fax,8
fax phone,2
feasibility,3
feature,6
features,18
fee,2
feed,7
feedback,7
feel,2
feet,19
feet space,3
fera,1
fera plaisir,1
ferrite,1
ferrites,2
field,15
fields,9
file,14
file sales,1
files,7
film,2
finer,3
finish,22
finish accuracy,1
finish shape,2
finish tolerances,3
finishes,12
finishing,24
finishing metal,2
finishing services,6
firm,4
firms,2
fit,7
fitness,4
fitness purpose,4
fits,2
fits shaft,1
fitting,2
fittings,10
fittings flanges,2
fittings rings,1
fittings valves,1
fixture,4
fixture components,2
fixtures,12
fixtures bases,1
fixtures poles,1
flagstone,1
flanges,4
flanges fittings,1
flanges unions,1
fleet,4
flexibility,18
flight,2
floor,7
flow,13
fluid,4
fluidity,2
flux,3
flux formula,1
fluxes,1
foam,2
focus,14
following,10
food,9
food beverage,4
foot,15
foot facility,5
foot manufacturing,2
force,9
force doors,1
forces,4
forefront,10
forefront industry,3
forefront technology,2
forefront world,1
forging,4
forging requirements,1
forgings,9
forgings customer,1
forgings markets,1
forgings titanium,1
form,43
form advancement,1
form file,1
form quote,2
form sales,3
form success,1
form team,3
form touch,2
format,3
formats,3
forming,3
forms,8
formula,1
formulation,3
foundation,11
founder,4
foundries,16
foundry,30
foundry castings,3
foundry machine,2
fountain,2
fractions,2
fractions ounce,2
frame,7
frames,4
francismfg,1
francismfg com,1
francismfg directions,1
francismfg francismfg,1
freedom,3
friction,2
friends,4
friends family,2
frontier,1
frontier com,1
ft,7
fuel,1
function,12
functionality,5
functions,4
functions impact,1
furnace,8
furnaces,10
furniture,6
future,16
future business,2
future quality,1
gages,3
gallery,4
gantry,2
garage,2
garden,2
gas,18
gas industry,1
gas turbine,4
gas turbines,3
gases,3
gates,3
gauge,2
gear,1
gears,6
generation,10
generations,3
geometry,7
gift,3
glass,4
glazing,1
globe,4
gmail,3
gmail com,3
goal,20
goal quality,5
goals,9
gold,3
goods,7
goods services,3
grade,9
grade materials,2
grade resins,1
grades,8
grain,8
grain structure,3
grams,3
grants,2
granules,2
graphics,3
gravel,3
gravity,7
gravity die,1
gravity machines,2
greensand,2
grinding,9
grinding service,1
groove,4
groove ball,1
ground,8
ground engaging,1
ground service,1
group,17
group companies,3
group customers,2
growth,21
growth opportunity,2
guarantee,5
guide,5
guide services,1
guideline,3
guideline design,1
guidelines,4
guidelines sales,1
guides,3
gun,1
gun arms,1
hadronics,1
half,3
hammers,1
hammers range,1
hand,16
hand opportunity,1
hand tools,3
handles,3
handling,6
handling requirements,1
handrail,1
hands,9
harbour,2
harbour cranes,2
hardness,9
hardware,18
hardware systems,1
head,5
head liner,1
headquarters,2
headquarters rights,1
heads,6
health,12
health care,3
health conditions,1
health safety,4
heart,4
heat,25
heat exchangers,2
heat treat,5
heat treating,5
heat treatment,9
heaters,2
heating,3
heating industry,1
height,5
heights,7
help,9
help subsidiary,1
herenote,1
herenote link,1
hereto,1
hereto drop,1
hinges,3
history,18
hole,5
holes,6
holidays,1
home,14
homes,5
hour,4
hours,15
hours business,2
hours rights,1
house,16
house business,1
house capabilities,3
housing,4
housings,7
houstonanodes,1
houstonanodes com,1
http,3
https,9
hubs,5
hubs addition,1
hundreds,8
idea,7
idea level,1
ideal,4
ideas,15
ideas consider,1
identification,3
igs,3
image,5
images,4
images website,2
imagination,2
impact,10
impact environments,1
impact evaluations,1
implementation,5
import,3
importance,4
impotence,1
impregnation,2
improvement,15
improvements,10
inability,3
inaluminum,2
inception,6
inch,8
inches,9
inches diameter,2
increase,5
increases,4
indication medicaments,1
indicators,2
individual,5
individuals,9
induction,5
industries,71
industries applications,5
industries components,2
industries customers,4
industries leader,1
industry,87
industry aluminum,3
industry application,1
industry design,3
industry experience,6
industry hardware,1
industry industry,6
industry leader,9
industry process,3
industry product,3
industry products,3
industry quality,5
industry standard,5
industry team,5
industry today,4
industry years,6
info,17
info aacco,1
info cfworks,1
info com,4
info toolcraft,1
information,69
information address,4
information computer,4
information contact,5
information cookies,2
information data,9
information email,3
information info,2
information information,7
information phone,2
information privacy,4
information products,3
information questions,3
information sales,3
information services,6
information site,4
information specifications,1
information time,3
information use,2
information visit,2
information visits,3
information ways,2
information website,4
infrastructure,7
ingot,4
ingots,4
initiatives,4
injection,10
injection molding,3
injection moulage,1
injection moulds,2
injection plastique,1
injuries,2
inlets,1
innovation,18
innovation design,3
innovation quality,2
innovations,4
innovators,1
inolacastings,1
inolacastings com,1
input,4
inputs,2
inquiries,8
inquiries contact,1
inquiry,6
inrod,2
inrod inrod,1
insertion,4
inserts,6
inset,1
inset cabinetry,1
inside,2
inspection,14
inspection equipment,2
inspections,8
installation,13
installations,3
installations et,1
instance,4
institutions,3
institutions universities,1
instructions,6
instrumentation,2
instruments,3
insulation,3
insulators,1
insurance,5
integration,4
integration drones,1
integrity,17
integrity steel,2
interaction,4
interaction content,2
interests,4
interface,2
interior,4
interiors,2
internet,5
interruption,4
invention,2
invention powder,1
inventory,12
inventory levels,2
inventory patterns,1
investment,18
investment cast,4
investment casting,5
investment castings,3
investment manufacturing,2
investments,4
involvement,2
iron,22
iron aluminum,7
iron castings,6
iron copper,3
iron steel,3
irons,3
iso,9
issue,5
issues,7
item,4
item return,1
items,13
items brass,1
javascript,1
javascript assistance,1
javascript javascript,1
jet,4
jet pumps,1
jewellery,1
jig,2
job,28
job application,2
job openings,1
job requirements,2
job shop,4
job title,1
jobs,12
joinery,1
joining,3
journey,4
journey today,1
js,1
key,6
key enter,1
keys,1
keys images,1
kg,2
kg kg,1
kind,3
kinds,3
knowledge,23
knowledge experience,3
knowledge expertise,2
knowledge resources,2
ksi,1
ksi ksi,1
la,2
lab,3
labor,6
laboratory,6
ladles,1
ladles arc,1
laminations,1
laminations alloys,1
lamps,1
land,8
landscape,2
landscape companies,1
language,2
laser,4
lasting,3
latches,1
lathe,4
lathes,5
launch,6
law,15
law enforcement,2
law information,3
law provisions,5
laws,9
laws regard,5
layer,5
layer protection,2
lb,4
lb capacity,1
lbs,16
lbs fits,1
lbs lbs,3
lbs phone,1
lead,21
lead time,3
lead times,14
lead tin,2
leader,29
leader details,1
leader manufacturing,2
leader production,1
leader sales,1
leader years,1
leaders,10
leadership,8
leads,3
leakage,2
leechind,1
leechind com,1
legacy,3
length,5
lengths,5
lengths feet,2
les,3
les droits,1
letter,3
letters,2
level,29
level expertise,3
level precision,3
level quality,3
levels,16
levels quality,3
liability,8
license,3
liens,1
liens rapides,1
life,35
life patterns,3
life time,1
lifecycle,3
lifestyle,1
light,3
lighting,5
lightweight,2
limit,2
limitation,6
limitations,4
limitations liability,4
limits,4
line,38
line border,1
line items,1
line title,1
liner,3
liner castings,1
liners,5
lines,19
link,14
link form,2
link job,1
links,9
links links,3
links web,4
lip,1
list,15
list needs,1
list openings,1
list quality,1
listing,2
literature,2
lives,6
living,2
load,5
loads,5
location,17
location data,3
locations,10
login,2
logistics,5
logo,2
look,6
loss,10
loss connection,3
loss data,3
lot,8
lrdynamics,1
lrdynamics com,1
lubrication,4
luxury,1
luxury product,1
machinability,5
machine,51
machine components,3
machine details,1
machine parts,2
machine shop,15
machine shops,1
machine tool,3
machine tools,2
machinery,16
machinery process,2
machines,42
machines allant,1
machines equipment,3
machines mold,3
machines parts,5
machines processes,1
machines production,3
machines quality,1
machines ton,2
machining,55
machining assembly,4
machining capabilities,4
machining castings,2
machining centers,5
machining equipment,3
machining facilities,3
machining facility,2
machining finishing,5
machining heat,3
machining mold,1
machining operations,5
machining parts,3
machining plating,1
machinists,5
magazine,2
magazine article,1
magnesium,5
magnesium alloys,2
magnesium products,1
magnet,5
magnet materials,1
magnet options,1
magnet systems,1
magnet time,2
magnetite,1
magnetization,1
magnets,5
magnets applications,2
magnets assemblies,1
magnets doors,1
magnets earth,3
magnets force,1
magnets magnets,4
magnets materials,2
magnets neodymium,2
magnets number,1
magnets strength,2
magnets today,3
mahogany,1
mail,10
mail contact,2
mail offerings,1
mail tooffice,1
maintenance,19
maintenant,1
maintenant souhaitez,1
majority,7
makers,4
making,11
making heat,2
malleability,2
man,4
man erectile,1
manage,4
management,32
management program,3
management team,5
manager,4
managers,4
manner,14
manufacture,22
manufacture injection,1
manufacture pressure,1
manufacture products,3
manufacturer,36
manufacturer agents,1
manufacturer aluminum,2
manufacturer cast,1
manufacturer parts,1
manufacturer quality,4
manufacturer sand,1
manufacturers,19
manufacturers design,1
manufacturers specialists,1
manufacturers world,4
manufactures,4
manufacturing,75
manufacturing capabilities,6
manufacturing companies,4
manufacturing customers,4
manufacturing facilities,6
manufacturing facility,7
manufacturing industries,4
manufacturing plant,4
manufacturing process,12
manufacturing processes,7
manufacturing services,5
manufacturing team,2
manufacturing technology,4
manufacturing years,1
map,5
map anodes,1
map rights,1
maple,1
marine,8
marine applications,2
market,33
marketing,6
marketing range,1
marketing sales,2
marketing services,1
marketplace,4
markets,30
markets aerospace,2
markets applications,3
markets bythomas,1
markets custom,1
markets manufacturing,3
markets offices,1
markets products,2
marks,2
mass,9
mass production,4
master,2
master planning,1
match,5
matching,1
matching rings,1
material,48
materials,51
materials site,2
materials sites,2
materials tolerances,1
materials web,2
materials world,3
matter,16
max,5
max line,1
max max,2
mdprecision,1
mdprecision com,1
means,7
measure,2
measure quote,1
measuring,5
mechanical,4
mechanical properties,4
media,3
medicaments,1
medicaments impotence,1
medium,4
meet,3
meeting,6
meetings,2
melt,1
melting,7
melting point,3
member,10
member company,1
member team,3
members,13
memorials,2
men,3
men age,1
men health,1
menu,2
menu form,1
merchantability,4
merchantability fitness,4
message,16
metal,63
metal arrival,1
metal casting,11
metal choice,3
metal company,2
metal components,1
metal die,3
metal finishing,6
metal machine,2
metal metal,3
metal parts,5
metal plastic,3
metal plating,2
metal products,2
metal stamping,3
metal stampings,4
metal tungsten,1
metal work,2
metallurgists,3
metallurgists technicians,1
metals,32
metals magnets,1
metals manufactures,1
metals metals,3
metals resistance,1
metalwork,2
metalworking,2
meter,3
meters,1
method,11
method communication,1
methodology,4
methods,18
methods materials,1
metro,2
micro,1
middle,3
mile,5
miles,5
milling,7
milling machines,3
millions,9
millions users,1
mills,8
mind,9
mineral,2
miniature,2
minimale,1
minimale employons,1
minimum,4
mining,9
mining buckets,1
mining construction,2
mining equipment,2
mining industry,2
minutes,6
mission,15
mission quality,2
mission sky,1
misuse,1
misuse solution,1
mitigation,1
mix,3
mm,5
mm mm,3
mobility,3
model,8
model metal,1
modeling,2
models,14
models order,1
modification,3
modifications,7
mold,30
mold aluminum,3
mold casting,2
mold castings,5
mold making,4
mold manufacturer,1
mold mold,3
mold shell,1
mold specialty,1
molding,15
molding machine,3
molding methods,2
molding process,3
molding run,1
moldings,3
molds,16
moment,3
money,9
monitoring,7
month,9
months,5
motion,5
motion control,2
motor,4
motors,2
moulage,1
moulage injection,1
moulage par,1
mould,4
moulding,4
moulds,6
moultrierail,1
moultrierail com,1
mount,3
mounting,3
mounting base,1
mounting blocks,1
movement,3
multitude,4
municipalities,2
nailer,1
nailer fasteners,1
names,9
nation,4
nature,7
nature work,1
need,27
need product,2
need quality,3
needs,70
needs application,3
needs business,3
needs chemistries,1
needs company,2
needs customers,5
needs details,2
needs expectations,2
needs information,3
needs machines,3
needs project,3
needs quality,8
needs selection,2
needs variety,3
needs years,2
neodymium,3
nerves,1
nerves erection,1
net,3
network,6
news,9
newsletter,3
newsletter rights,1
newsletter years,1
nickel,13
nickel alloys,4
nickel cobalt,3
noise,2
noses,1
note,14
note models,1
note numbers,1
notice,11
notification,1
notre,1
notre se,1
number,29
number shipping,1
numbers,4
numbers aboveimage,1
nuts,5
oak,1
object,2
objective,5
objectives,7
offer,12
offer sales,1
offering,4
offerings,3
offerings details,1
offers,15
office,12
offices,7
offices staff,1
oil,11
oil gas,6
online,8
online experience,2
opening,8
opening list,1
openings,3
openings company,1
openings thanks,1
operating,7
operation,22
operation service,3
operations,43
operations aviation,1
operations parts,4
operations sales,2
operator,4
opportunities,13
opportunity,23
opportunity team,1
opportunity today,1
optimisation,1
option,8
option applications,1
options,30
options information,2
options service,1
order,47
order address,1
order approach,2
order blue,1
order bots,1
order customers,3
order duty,1
order products,2
order services,3
orders,16
orders rights,1
organization,8
organizations,4
organizations sales,1
orientation,2
ounce,7
ounce pounds,5
ounces,9
ounces lbs,3
ounces pounds,6
ourprivacy,4
ourprivacy policy,3
ourprivacy policypage,1
outcome,5
outer,4
outlet,2
output,5
outputs,4
ovens,3
overview,3
overview capabilities,1
owner,4
ownership,6
oxidation,2
oxide,5
pace,3
package,6
packages,4
packaging,12
page,16
page addresses,1
page order,1
pages,9
pages information,1
paint,9
painting,5
pairs,1
pairs box,1
pallet,2
pallets,2
panel,6
panels,3
paper,3
par,3
par injection,1
parameters,7
parapet,1
parapet wall,1
parent,3
participation,3
particle,1
particles,3
parties,9
parties time,3
partner,17
partner manufacturers,1
partner world,2
partners,17
partners clients,1
partnership,5
partnerships,7
parts,73
parts alloy,1
parts applications,4
parts assemblies,6
parts assembly,1
parts business,3
parts customer,2
parts customers,3
parts design,3
parts end,1
parts industries,3
parts lead,1
parts material,2
parts millions,1
parts prices,2
parts product,4
parts quality,6
parts range,4
parts size,3
parts time,6
parts vehicle,2
party,11
pass,1
passion,7
password,9
past,3
path,7
patio,1
pattern,23
pattern makers,4
pattern making,3
pattern shop,6
patternmakers,3
patternmakers specialists,1
patterns,24
patterns castings,2
pay,2
payment,6
payments,3
pdf,6
pdf file,1
peace,3
peace mind,2
peace pipe,1
people,34
people community,2
people industry,1
people people,2
people team,3
people years,1
percentage,4
perform,3
performance,36
performance improvements,2
performs,3
period,7
permanent,4
permet,2
person,8
personnel,11
personnes,1
personnes sommes,1
phase,7
phases,4
philosophy,8
phone,31
phone fax,3
phone leechind,1
phone map,1
phone number,5
phone phone,3
phone quote,1
phone rights,2
phone solutions,1
phone www,1
photo,3
picture,4
piece,14
pieces,10
pillar,3
pilot,2
pilots,1
pilots drone,1
pin,6
pinion,1
pins,6
pipe,9
pipeline,1
pipelines,2
pipelines storage,1
pipes,2
piston,2
place,19
plaisir,1
plaisir aider,1
plan,8
planning,5
planning services,1
plans,8
plant,20
plants,7
plants resumes,1
plastic,15
plastic injection,5
plastics,9
plastique,1
plastique restriction,1
plate,11
plates,9
platforms,3
platforms products,1
plating,10
plating processing,1
pledge,3
plumbing,6
plumbing heating,2
pm,1
pm pm,1
pockets,3
point,11
point alloys,1
poles,1
policies,8
policies practices,4
policies web,3
policy,21
policy information,3
policy privacy,3
policy quality,3
policy questions,3
policy service,1
policy services,1
policy website,1
policypage,1
policypage menu,1
polishing,4
porosity,5
portfolio,7
portfolios,1
portfolios precision,1
portion,3
position,13
position javascript,1
positioning,3
positions,6
possibility,7
post,8
post casting,2
posts,5
posts comments,1
posts link,1
potential,3
pound,6
pounds,25
pounds aluminum,3
pounds pounds,3
pounds steel,2
pour,8
pour machines,2
pour value,1
pouring,5
pours,2
powder,17
powder blend,1
powder coating,5
powder manufacturing,1
powder metal,2
powder powder,2
powder production,2
powders,1
powders process,1
power,17
power generation,2
practice,5
practice support,1
practices,16
practices party,4
precision,37
precision bushings,1
precision casting,2
precision castings,4
precision components,4
precision equipment,3
precision finishing,2
precision grinding,2
precision investment,2
precision machining,7
precision manufacturing,2
precision metal,2
precision parts,7
precision precision,3
precision tooling,2
preferences,4
premier,2
premier manufacturer,1
premier manufacturers,1
premises,2
premium,6
premiums,3
prep,2
preparation,7
presence,4
presentation,2
presentations,1
president,4
press,7
press enter,1
presses,7
presses presses,2
pression,1
pressure,26
pressure casting,4
pressure equipment,1
pressure mold,2
pressure pressure,3
pressure relief,1
pressure tightness,3
pressure vessels,1
pressures,3
prevention,2
price,29
price type,1
price years,3
prices,18
prices range,1
prices years,2
pricing,23
pricing projects,1
pricing quality,2
pride,12
prides,3
principals,2
principles,6
print,7
printer,2
printing,4
printing industry,1
prints,7
prints services,1
priority,8
privacy,17
privacy page,2
privacy policies,5
privacy policy,8
privacy privacy,5
privacy statements,2
problem,14
problem sex,1
problem submission,1
problems,21
problems quality,4
procedure,4
procedures,13
procedures parts,1
process,73
process capabilities,3
process capability,3
process castings,3
process control,7
process controls,5
process customers,2
process design,3
process engineering,3
process improvement,4
process information,3
process invention,1
process molds,3
process parts,6
process process,3
process product,4
process production,2
process products,3
process quality,7
process range,3
process sand,3
process surface,3
processes,37
processes procedures,1
processes systems,3
processing,20
processing com,1
procurement,3
producer,9
producer forgings,2
produces,3
product,82
product availability,2
product com,2
product customer,4
product customers,5
product design,5
product development,5
product engineering,2
product forms,2
product line,4
product lines,3
product manufacturers,1
product markets,1
product process,3
product production,3
product quality,8
product sales,1
product service,4
product solutions,3
product specifications,3
product use,2
production,76
production capabilities,3
production casting,2
production control,3
production cost,3
production facilities,3
production facility,2
production job,2
production machining,4
production parts,5
production process,6
production processes,4
production quantities,3
production requirements,3
production run,2
production runs,12
production sand,1
production solutions,2
production support,2
production team,3
production time,4
production tool,2
productivity,5
products,104
products applications,3
products cameras,1
products components,2
products countries,2
products custom,3
products customers,8
products deliveries,1
products industries,3
products location,2
products manufacturing,4
products markets,3
products materials,3
products partners,1
products prices,3
products production,3
products products,11
products quality,6
products range,3
products sales,7
products service,5
products services,22
products team,3
products technology,3
products world,4
products years,4
professionals,8
profile,5
profit,6
program,23
programs,16
progress,4
project,39
project rights,2
project team,3
project today,1
projects,32
projects customers,3
projects prototype,1
projects types,2
proof,3
properties,27
properties strength,4
properties zinc,3
property,10
property future,1
propriety,1
propriety security,1
propulsion,1
prosperity,2
protection,15
prototype,15
prototype policy,1
prototype production,6
prototypes,2
prototyping,6
provider,10
provision,5
provision terms,4
provisions,6
provisions failure,3
provisions terms,4
proximity,3
psi,2
public,4
pulleys,3
pump,4
pumps,6
pups,1
purchase,11
purchase conditions,1
purchase order,2
purity,5
purityalloys,1
purityalloys com,1
purpose,20
purposes,11
purposes review,1
qualities,4
quality,115
quality assurance,9
quality cable,1
quality casting,4
quality castings,12
quality components,4
quality consistency,1
quality control,15
quality craftsmanship,4
quality customer,4
quality delivery,10
quality dimension,1
quality guidelines,2
quality management,7
quality manufacturing,5
quality master,1
quality materials,3
quality metal,4
quality parts,14
quality performance,3
quality policy,3
quality precision,8
quality process,8
quality product,14
quality products,33
quality quality,6
quality questions,2
quality reliability,6
quality requirements,3
quality service,19
quality services,3
quality solution,1
quality standards,15
quality systems,4
quality team,3
quality titanium,1
quality tooling,2
quality value,7
quality work,5
quality workmanship,4
quantities,15
quantity,5
quarter,5
question,9
questions,32
questions comments,6
questions concerns,4
questions cookies,2
questions help,2
questions information,3
questions privacy,3
questions questions,2
questions sales,2
questions terms,3
questions today,1
queue,3
quotations,2
quotations email,1
quote,26
quote code,1
quote cookies,1
quote phone,1
quote questions,3
quote quotes,1
quote terms,1
quoteor,2
quotes,3
quotes moultrierail,1
race,4
raceways,2
racks,3
radiators,1
radius,4
radiusaerospace,1
radiusaerospace com,1
rail,2
range,66
range alloys,3
range applications,5
range capabilities,6
range copper,2
range industries,8
range machining,3
range nickel,2
range options,4
range parts,4
range pounds,2
range products,7
range services,4
range sizes,3
range steel,1
range temperature,2
range tons,1
range weight,1
ranges,5
rapides,1
rapides enterprises,1
rate,5
rates,7
ratio,5
reality,8
reason,11
reason whatsoever,3
reasons,9
receipt,3
recognition,7
recognition quality,2
record,9
records,2
recovery,3
recycling,4
reduces,3
reduction,3
refer,2
reference,3
references,3
refinement,2
refractory,1
refractory metal,1
refrigerator,2
refund,2
regard,7
regard conflict,5
region,3
register,5
registrar,1
regular,1
regular brass,1
regulations,6
regulators,2
regulators pressure,1
relating,3
relation,1
relation approach,1
relations,2
relationship,4
relationships,13
relationships customers,3
release,8
reliability,11
relief,4
relief devices,1
relies,3
removal,4
renovation,1
repair,10
repair parts,2
repairs,9
repairs maintenance,3
repeatability,4
replacement,8
replacement parts,3
replies,1
replies business,1
report,4
reports,6
representative,7
representatives,7
reputation,25
reputation quality,5
request,21
request choice,1
request replies,1
request time,3
requests,4
require,2
requirement,8
requirements,62
requirements cost,2
requirements customers,6
requirements policy,1
requirements process,3
requirements product,3
requirements quality,3
requirements terms,1
requirements time,1
research,13
research development,4
resin,4
resins,2
resins injection,1
resistance,18
resistance corrosion,3
resistance strength,3
resistance welding,1
resistant,3
resistivity,1
resource,3
resource products,2
resources,18
respect,8
respond,3
response,7
responsibility,19
responsibility content,4
rest,4
restaurants,2
restoration,5
restoration repair,1
restorers,2
restriction,1
restriction minimale,1
restrictions,2
restrictions people,1
result,18
result process,2
results,30
results companies,1
results quality,1
resume,5
resumes,2
return,5
returns,2
review,2
review privacy,1
reviews,1
reviews comments,1
revision,3
revision days,3
revisions,3
revisions terms,3
right,16
right discretion,3
right provision,3
rights,41
rights byblue,1
rights byitechnoweb,1
rights bythomas,1
rights contact,2
rights development,1
rights facility,1
rights fax,1
rights form,2
rights metal,2
rights policy,2
rights provision,3
rights quality,3
rights sales,2
rights solutions,1
rights years,4
ring,4
ringbearing,1
ringis,1
ringis solution,1
rings,11
rings products,1
rise,3
risers,2
risers drop,1
risk,9
rivets,2
robotics,4
robots,2
rod,4
role,7
roles,5
roles functions,1
roller,3
roller bearings,1
rollers,2
roof,6
room,12
room temperature,3
rotaries,1
rotaries volumes,1
rotation,3
rotorcraft,2
round,3
rubber,5
run,8
run size,1
runner,3
running,2
runs,14
runs pieces,2
rush,3
sacrifice,3
safety,24
safety employees,4
safety rail,1
sale,9
sale quality,1
sales,53
sales cfworks,1
sales click,1
sales client,1
sales com,7
sales engineering,2
sales experience,4
sales force,3
sales francismfg,1
sales offices,2
sales operations,1
sales purityalloys,1
sales quotations,1
sales radiusaerospace,1
sales representative,3
sales representatives,3
sales sales,8
sales sdcofin,1
sales service,1
sales staff,3
sales support,2
sales team,7
sales wammetals,1
samarium,1
samarium cobalt,1
sample,8
samples,3
sampling,3
sand,33
sand airset,1
sand cast,6
sand casting,9
sand castings,10
sand core,1
sand cores,3
sand foundry,3
sand mold,3
sand molding,2
sand molds,3
sand process,3
sand sand,3
satisfaction,20
satisfaction quality,3
savings,7
saw,2
scale,3
scales,1
scales executive,1
scanning,2
scenarios,4
schedule,6
schedules,4
scholarships,3
school,3
schools,2
science,3
scientists,2
scientists innovators,1
scope,2
scorpion,1
scrap,6
screen,4
screw,3
screws,3
sculptors,2
sculpture,2
sculptures,2
sdcofin,1
sdcofin com,1
se,3
se fera,1
sea,4
seals,5
seamless,4
search,2
seat,3
section,9
sections,9
sector,3
sectors,6
secure,5
security,17
security bycloudflare,1
security information,4
security products,1
security purposes,3
segment,2
selection,12
selections,2
semiconductor,1
seminars,2
sense,3
sensor,2
sensors,4
series,8
server,2
servers,3
service,90
service airport,1
service customers,5
service delivery,3
service expectations,2
service industries,4
service industry,3
service machine,3
service machining,3
service manufacturer,2
service options,1
service product,6
service products,3
service quality,4
service sales,2
service service,4
service shipments,1
service support,3
services,82
services acknowledge,3
services aspects,1
services castings,2
services clients,3
services core,2
services customer,3
services customers,8
services data,4
services design,3
services experience,3
services facility,2
services form,4
services foundries,2
services information,4
services machining,3
services manner,2
services manufacturer,2
services material,4
services metal,3
services philosophy,1
services plating,2
services precision,3
services products,5
services range,3
services services,5
services solutions,3
services terms,3
services web,3
services years,4
servicing,2
servicing repairs,2
set,6
sewage,1
sewage treatment,1
sex,1
sex therapist,1
shaft,1
shaft lbs,1
shafts,4
shape,16
shapes,24
shapes sizes,4
share,14
share data,5
share information,3
sharing,2
sheet,6
sheet metal,2
sheets,3
shell,13
shell castings,1
shell core,4
shell process,2
shift,5
shift shift,2
shifts,4
shiftweekday,1
shiftweekday shiftweekday,1
ship,3
shipment,4
shipments,2
shipping,14
shock,2
shocks,3
shop,38
shopping,2
shops,8
shot,5
sign,3
signage,4
signs,1
silicone,3
simulation,4
site,31
site changes,3
site data,3
site design,1
site information,6
site materials,2
site services,3
site terms,2
site time,2
sites,14
sites information,3
sites services,4
sites use,2
situation,4
situations,3
size,38
size bar,1
size ounces,2
size range,3
size restrictions,1
size shape,3
sizes,25
sizes art,1
skies,1
skill,9
skills,12
skirt,1
skirtliners,1
sky,1
sky pilots,1
slide,3
society,1
software,18
soil,2
soils,2
solder,3
solder catalogs,1
solidification,6
solidification modeling,1
solution,26
solution applications,2
solution design,1
solution needs,3
solution pinion,1
solution products,1
solution specialty,1
solution treat,1
solutions,48
solutions customer,6
solutions customers,4
solutions drone,1
solutions experience,3
solutions parts,3
solutions product,3
solutions suggestions,2
sommes,1
sommes dans,1
sommes liens,1
son,3
souhaitez,1
souhaitez faire,1
sound,3
soundness,3
source,21
sources,1
space,15
specialist,5
specialists,7
specialists luxury,1
specializes,3
specialties,5
specialty,19
specialty aluminum,1
specialty solution,1
species,1
specific,2
specification,8
specifications,40
specifications customer,4
specifications customers,3
specifications drawings,2
specifications information,2
specifications parts,1
specifications purchase,1
specifications quality,3
spectrometer,3
spectrum,7
speed,17
speed temperature,1
speeds,10
spiders,1
spray,3
sq,6
sq ft,4
square,4
st,3
stability,10
staff,30
staff customers,2
staff offer,1
stage,7
stages,4
stainless,12
stainless steel,10
stamping,4
stamping services,2
stampings,4
standard,20
standard colors,2
standards,42
standards industry,3
standards quality,6
standards technology,1
standing,3
start,9
state,24
state art,18
statement,7
statements,4
states,3
stations,4
status,3
steam,4
steam boilers,1
steel,43
steel alloy,5
steel aluminum,3
steel brass,3
steel bronze,3
steel castings,2
steel components,3
steel flanges,1
steel hammers,1
steel investment,1
steel iron,4
steel pins,1
steel plate,2
steel steel,8
steels,6
steels aluminum,1
step,15
steps,8
stiffness,2
stock,16
stock day,1
stock emergency,1
stocking,2
stockist,1
stocks,4
stocks products,1
stone,4
stone products,1
stop,5
stop shop,3
stops,2
storage,8
storage tanks,2
store,4
store admin,1
straightness,2
strategies,3
strategy,4
street,2
strength,33
strength characteristics,4
strength corrosion,4
strength hardness,3
strength ratio,3
strength temperatures,2
strengths,4
stress,6
string,3
strontium,2
structure,11
structure customers,1
structures,9
studs,4
style,6
styles,6
submission,2
submission error,1
submissions,1
subscribers,2
subsea,2
subsidiary,2
subsidiary rights,1
success,28
success business,2
success message,2
success product,2
success quality,3
suggestions,8
summer,4
supplier,33
suppliers,25
suppliers community,2
supplies,7
supplies components,1
supply,22
supply chain,13
support,33
support customers,3
support structure,1
sur,2
surcharge,1
surface,28
surface finish,9
surface finishes,3
surfaces,9
sustainability,5
symbol,2
systems,41
systems platforms,1
systems products,1
systems quality,2
systems services,2
systems systems,2
table,9
tables,4
tags,4
talk,4
tandem,1
tank,4
tank compartment,1
tanks,9
tanks pressure,1
taps,2
target,1
targets,2
task,8
tasks,4
tcmco,1
tcmco com,1
team,66
team aluminum,1
team customer,4
team decades,2
team designers,3
team employees,3
team engineers,2
team experience,5
team experts,5
team knowledge,2
team manufacturing,4
team member,3
team members,5
team metallurgists,1
team metals,2
team plastic,1
team product,3
team quality,3
team stone,1
team team,2
team today,3
team work,2
team years,5
teams,6
teamwork,7
technicians,9
technicians quality,1
technique,4
techniques,16
technologies,15
technologies design,2
technology,50
technology designs,2
technology equipment,3
technology executive,1
technology partner,1
technology process,3
technology state,2
technology world,1
teeth,1
tel,2
telephone,8
telephone number,3
telephone orders,1
temper,2
temperature,20
temperature range,2
temperatures,10
temperatures addition,1
tennetek,1
tensile,4
term,9
term customers,2
termination,2
terms,20
terms access,3
terms accordance,4
terms agreement,3
terms conditions,10
terms court,3
terms effect,3
terms questions,3
terms terms,5
terms time,5
terms use,4
terms waiver,3
terms web,3
test,12
test equipment,2
testimonials,5
testing,17
tests,6
text,4
text email,1
texture,3
thanks,4
thanks site,1
thatsupports,1
thatsupports video,1
therapist,1
thermal,2
thermal conductivity,2
thickness,10
thicknesses,3
thing,2
things,8
thinking,4
thinner,3
thoughts,2
thousands,12
threads,5
threat,2
threats,2
throughput,2
thumbnails,1
thumbnails enlargement,1
tightness,4
tilt,3
time,84
time cost,6
time customer,3
time deliveries,3
time delivery,6
time engineering,4
time frame,3
time line,3
time money,5
time notice,2
time order,2
time prices,3
time revision,3
time time,10
time weeks,2
timeless,2
times,38
times castings,2
tin,6
titanium,10
titanium alloys,3
titanium casting,1
titanium castings,1
titanium material,1
titanium nickel,3
titanium steel,2
title,3
title opening,1
tocontact,3
today,53
today austechwire,1
today browser,1
today company,3
today details,2
today enquiries,1
today leader,3
today measure,1
today parts,3
today portfolios,1
today quote,2
tolerance,12
tolerances,22
tolerances casting,2
tolerances inch,3
tolerances surface,2
tomahawkfoundry,1
tomahawkfoundry com,1
ton,8
ton capacity,1
ton ton,1
tonnage,2
tonnes,2
tonnes sommes,1
tonnes tonnes,1
tons,9
tons ton,1
tons tons,4
tooffice,1
tooffice empspec,1
tool,22
tool die,4
toolcraft,1
toolcraft com,1
tooling,33
tooling casting,3
tooling copper,1
tooling means,1
tooling process,3
toolmaker,2
toolmakers,2
tools,31
tools cutters,1
topics,3
torque,1
total,4
touch,12
touch hereto,1
touch team,1
toughness,5
trace,1
track,7
tracking,4
trade,5
trademark,3
trademarks,2
traffic,6
train,3
training,11
transaction,3
transfer,9
transformers,4
transmission,7
transmit,1
transport,4
transportation,9
traps,2
treat,5
treating,6
treating machining,1
treating plating,1
treatment,15
treatment plant,2
tree,1
trends,3
truck,7
trucks,3
trust,7
tubing,4
turbine,7
turbines,5
turn,9
turnaround,11
turnaround time,4
turnaround times,5
turning,7
turnkey,2
type,27
type application,3
type magnets,2
type project,2
types,32
types airports,1
uk,2
uk com,1
understanding,8
unions,1
unique,9
unit,9
units,10
universities,1
universities world,1
updates,4
upload,2
upload click,1
upsetting,1
urgency,2
usage,9
use,54
use applications,3
use content,3
use cookies,7
use disclosure,3
use information,4
use materials,4
use password,2
use privacy,1
use quality,2
use section,1
user,6
username,4
users,12
users access,3
users expert,1
users information,3
uses,7
utilities,2
utility,4
vacuum,5
validation,3
value,36
value property,1
value quality,3
value service,3
value services,3
values,9
valve,5
valves,12
valves fittings,2
valves pumps,2
valves regulators,1
vanes,2
variables,7
variations,3
variety,48
variety alloys,3
variety aluminum,3
variety applications,6
variety industries,7
variety materials,3
vehicle,10
vehicles,13
vendor,4
vendors,5
ventilation,1
versatility,7
version,7
versions,2
versions hoists,1
vessels,2
vessels heat,1
veteran,3
veterans,1
veterans aerospace,1
vibration,3
vibrators,1
video,7
video web,1
videos,5
view,10
view awaits,1
view ourprivacy,3
vintage,2
violation,3
viruses,3
vision,17
vision reality,2
visit,6
visit information,1
visit ourprivacy,1
visitor,2
visitors,4
visits,5
voltage,3
volume,23
volume production,6
volume volume,2
volumes,8
vos,1
vos installations,1
waiver,3
waiver rights,3
wall,14
wall coping,1
wall thickness,3
wall thicknesses,2
walls,9
walnut,2
wammetals,1
warehouse,5
warranties,4
warranty,6
waste,5
wastewater,1
water,20
wax,5
wax mold,1
wax pattern,2
wax process,2
wax shell,3
way,27
ways,16
wealth,5
wear,12
wear parts,1
weather,5
web,16
web browser,1
web services,3
web site,6
web sites,4
website,21
website cookies,2
website data,3
website information,4
websites,4
week,7
weekdays,1
weekdays weekends,1
weekends,3
weekends holidays,1
weeks,11
weight,22
weights,5
weld,4
welding,12
welding bonding,1
welding copper,1
wfmutah,1
wfmutah com,1
whatsoever,4
wheels,4
wife,3
willingness,3
wind,4
window,5
windows,1
windows doors,1
winner,2
wire,8
wire welding,1
wolverine,1
women,2
wood,8
wood nailer,1
wood species,1
word,3
work,57
work centers,3
work environment,5
work form,2
work work,4
workers,3
workforce,7
workforce averages,2
workmanship,10
workmanship service,2
works,5
workshops,2
world,48
world class,8
world manufacturer,2
world practice,1
world product,2
world results,1
world world,1
world years,3
worldwide,5
worldwide manufacturers,1
worldwide supply,1
www,5
www tomahawkfoundry,1
wye,1
wye configuration,1
wye product,1
year,17
year login,2
years,94
years bag,1
years business,6
years company,4
years corrosion,1
years customer,1
years engineering,4
years enterprises,1
years experience,38
years family,3
years inaluminum,1
years industry,4
years knowledge,3
years manufacturer,2
years newsletter,1
years quality,3
years strength,1
years years,5
yield,5
yields,1
zinc,20
zinc alloys,6
zinc aluminum,4
zinc casting,3
zinc castings,3
zinc die,5
